id,0,1
XM1E16,1.0000,0.0000
V320OC,0.4000,0.6000
5R6EZC,0.2000,0.8000
RHCDG2,0.0000,1.0000
FPNEZK,0.6000,0.4000
H4SG97,0.4000,0.6000
SKRBKZ,0.2000,0.8000
JNQEHV,0.0000,1.0000
MX5I5M,0.2000,0.8000
09BULU,0.6000,0.4000
67E6IF,0.4000,0.6000
VNEJYL,1.0000,0.0000
LHJ3VB,0.6000,0.4000
W7FULL,0.6000,0.4000
Y36DAM,0.2000,0.8000
B2LI3D,0.6000,0.4000
97F0MK,0.6000,0.4000
MBLEER,0.4000,0.6000
V58LTZ,0.0000,1.0000
ADLC9U,1.0000,0.0000
B0PTJQ,0.4000,0.6000
N92CEQ,0.4000,0.6000
DLU5K7,1.0000,0.0000
10XJ8N,0.2000,0.8000
CQVGGN,1.0000,0.0000
WDH88Y,1.0000,0.0000
4H2BQ8,0.2000,0.8000
TNUQ3E,0.2000,0.8000
1KOS93,0.6000,0.4000
23A1ZE,1.0000,0.0000
JGL19U,0.2000,0.8000
6KYCTR,0.0000,1.0000
CJZKHJ,0.6000,0.4000
ODENR7,1.0000,0.0000
V13R3Z,0.8000,0.2000
XSWWPM,0.4000,0.6000
NBK6PM,1.0000,0.0000
K51FKX,0.4000,0.6000
SJBMAF,1.0000,0.0000
0PZ749,0.8000,0.2000
72HXWZ,0.6000,0.4000
E01474,0.2000,0.8000
7397RI,0.6000,0.4000
EZK5WH,0.0000,1.0000
AM1MFA,0.8000,0.2000
6Q65VA,0.6000,0.4000
Y3RPMH,0.0000,1.0000
MMCHGF,0.4000,0.6000
5R9XZO,0.6000,0.4000
QRUK7N,0.8000,0.2000
7F7AWI,1.0000,0.0000
BLG8JS,0.6000,0.4000
Y6NEHK,0.6000,0.4000
SKEEOX,0.2000,0.8000
4ERXUB,0.2000,0.8000
4JGWO8,0.6000,0.4000
2WV2PL,0.6000,0.4000
J691D3,1.0000,0.0000
BUA7UU,0.8000,0.2000
ZK2NUH,0.0000,1.0000
LEJ5BP,0.6000,0.4000
JKA8RS,0.4000,0.6000
3I5FRM,0.0000,1.0000
1WZKMD,0.6000,0.4000
EV21RU,0.4000,0.6000
9SFF61,0.4000,0.6000
S80TH2,0.2000,0.8000
F5FZWL,0.0000,1.0000
54VCFO,0.8000,0.2000
AAWE2W,1.0000,0.0000
18UTZQ,0.0000,1.0000
6P87MR,0.0000,1.0000
DG8D64,1.0000,0.0000
HGVOPS,0.2000,0.8000
N8Q8FC,1.0000,0.0000
VGD3R2,0.6000,0.4000
7U7YG5,0.8000,0.2000
TB6W6Z,1.0000,0.0000
95BA5B,0.4000,0.6000
AJCTED,0.0000,1.0000
BBMZ5M,0.0000,1.0000
3EUXSB,0.4000,0.6000
6B5DFO,0.6000,0.4000
UY1EH9,0.6000,0.4000
J3UNHW,1.0000,0.0000
PBQIUA,0.0000,1.0000
YMIQ4X,0.6000,0.4000
ZTNIIS,0.8000,0.2000
WLUX88,0.6000,0.4000
Y8U6I4,0.6000,0.4000
14SDAL,0.0000,1.0000
PEDSDN,0.6000,0.4000
EY0HY0,1.0000,0.0000
03OSZ8,1.0000,0.0000
1YQGDQ,1.0000,0.0000
2JGSFZ,0.4000,0.6000
UC0EZX,1.0000,0.0000
6MYPZ9,0.4000,0.6000
VT234Z,1.0000,0.0000
ZGOP3Z,0.2000,0.8000
WFLBLV,0.2000,0.8000
SPNGO2,0.6000,0.4000
3145I3,0.0000,1.0000
1VE1Y5,0.2000,0.8000
0Q66X6,0.2000,0.8000
MQRWUG,0.6000,0.4000
HWAHXY,1.0000,0.0000
WX1YVU,0.4000,0.6000
AL2OAI,0.6000,0.4000
MJ10AP,0.4000,0.6000
YT9JHY,0.4000,0.6000
W0EVPM,0.2000,0.8000
TZOEX0,0.8000,0.2000
NNKQ6Q,0.4000,0.6000
MF746F,0.2000,0.8000
PDN2LO,0.8000,0.2000
BO0GIS,0.8000,0.2000
AWK4R2,0.2000,0.8000
ZRWNDI,0.2000,0.8000
W1ZWYS,0.8000,0.2000
RUVMKW,0.6000,0.4000
24W4T4,0.0000,1.0000
GLD6CG,0.8000,0.2000
DP7NXX,0.4000,0.6000
8LB91A,1.0000,0.0000
BD4DWM,0.4000,0.6000
NZSNO9,0.0000,1.0000
1C5YXU,1.0000,0.0000
Z44WW3,0.6000,0.4000
NV44RP,0.2000,0.8000
OK2F3B,0.4000,0.6000
MTZ9H5,0.0000,1.0000
3IFHY4,0.6000,0.4000
GL9726,0.0000,1.0000
57RTAV,0.4000,0.6000
W9BDYH,0.0000,1.0000
0YPBD5,1.0000,0.0000
XRNY7M,0.2000,0.8000
F2MD8S,0.0000,1.0000
T2CG4M,0.0000,1.0000
OOTYYV,0.6000,0.4000
30QN1V,0.4000,0.6000
U8JF34,0.0000,1.0000
O361QK,0.2000,0.8000
V2R4U7,0.4000,0.6000
39C989,0.2000,0.8000
VS7TZB,0.8000,0.2000
DBJ3Y3,0.8000,0.2000
SU98RB,0.2000,0.8000
Z7UMZD,0.2000,0.8000
YFO37C,0.8000,0.2000
G2LGV7,0.4000,0.6000
E6P4R1,1.0000,0.0000
TRN61R,0.4000,0.6000
ZGEFV4,1.0000,0.0000
9JHJ37,0.8000,0.2000
X78RCV,0.0000,1.0000
ZR3L3S,0.8000,0.2000
48NYFQ,0.2000,0.8000
U4O1NA,0.8000,0.2000
AE9SNN,1.0000,0.0000
T8QYNV,0.8000,0.2000
3EYQHQ,0.2000,0.8000
LJBS97,0.4000,0.6000
7D7XW9,1.0000,0.0000
ZITX6O,0.8000,0.2000
0I0CK7,0.2000,0.8000
XLDPKK,0.2000,0.8000
EZFEOZ,0.4000,0.6000
8X0KK2,0.6000,0.4000
DFVAZ9,0.2000,0.8000
FJZXYI,0.4000,0.6000
73HFV9,1.0000,0.0000
MOV1DU,0.8000,0.2000
J3W3JB,1.0000,0.0000
YJVRR7,1.0000,0.0000
NAFWDB,0.2000,0.8000
I1VL0O,0.4000,0.6000
V0VZF9,0.2000,0.8000
FHNISN,0.6000,0.4000
INKADB,0.0000,1.0000
177DQO,1.0000,0.0000
RU98C7,0.6000,0.4000
G4FLAP,1.0000,0.0000
N3DW0D,0.4000,0.6000
GF7PZ5,0.8000,0.2000
JW86WR,0.0000,1.0000
YL4JKX,1.0000,0.0000
MECVHM,0.8000,0.2000
H3J51C,0.0000,1.0000
ROWEX6,1.0000,0.0000
B15ASR,0.8000,0.2000
9XX71K,0.0000,1.0000
UFJICS,0.2000,0.8000
VKO0G6,0.4000,0.6000
RYQMNL,0.0000,1.0000
Q457KP,0.4000,0.6000
SG8884,1.0000,0.0000
IUJYDE,1.0000,0.0000
RHJMCA,0.8000,0.2000
HMLXKY,0.6000,0.4000
QI8F91,0.4000,0.6000
TO26UY,0.6000,0.4000
0IZXMA,0.6000,0.4000
9E980N,0.2000,0.8000
6FZWT2,0.2000,0.8000
V6IOID,1.0000,0.0000
FBEA2C,0.6000,0.4000
6TR9DI,1.0000,0.0000
1561NS,1.0000,0.0000
67XPBJ,0.6000,0.4000
9AX6GU,1.0000,0.0000
KNABD2,0.4000,0.6000
RICGCB,0.4000,0.6000
T7M15O,0.6000,0.4000
LT3LEF,1.0000,0.0000
16LQXJ,0.8000,0.2000
FNX71H,0.6000,0.4000
VN6703,0.2000,0.8000
3GD6K7,0.0000,1.0000
XGHOWX,0.4000,0.6000
C2GA84,1.0000,0.0000
SY1PBI,1.0000,0.0000
FD6JYY,0.6000,0.4000
Z1AYTJ,0.0000,1.0000
Q9VPIB,0.0000,1.0000
OFOH1M,0.4000,0.6000
3JB7I7,0.6000,0.4000
GAWEUG,0.4000,0.6000
LOUMMK,0.4000,0.6000
K8O0NG,0.0000,1.0000
ABZ55D,1.0000,0.0000
DTP9L4,0.6000,0.4000
J67UDL,0.2000,0.8000
KEFN2H,0.8000,0.2000
7A02MC,0.0000,1.0000
PKJG1U,0.0000,1.0000
O93KO9,0.6000,0.4000
HMFABP,1.0000,0.0000
5U1GQ4,0.2000,0.8000
GVTRJ9,1.0000,0.0000
LEO1N7,0.4000,0.6000
DZTAOT,0.0000,1.0000
BX9END,0.6000,0.4000
RWN9I5,0.2000,0.8000
92JAAC,0.4000,0.6000
BEEG2L,0.2000,0.8000
QBKBGG,0.0000,1.0000
8WXM4V,0.4000,0.6000
IFTSDD,0.6000,0.4000
MGE2ZP,0.0000,1.0000
K8M88E,0.4000,0.6000
KLOD9R,0.2000,0.8000
CCAGRM,0.6000,0.4000
6TLWQG,0.4000,0.6000
2MYTOU,0.0000,1.0000
AVHJBA,1.0000,0.0000
PPOO09,0.0000,1.0000
FEZXQC,0.0000,1.0000
F7SQ3J,0.0000,1.0000
IKSHOV,0.8000,0.2000
TUYI4E,1.0000,0.0000
0W9Y68,0.8000,0.2000
2O6310,0.4000,0.6000
1IQ514,0.8000,0.2000
W8OCOG,1.0000,0.0000
3YQAQR,0.0000,1.0000
T7MNY9,0.6000,0.4000
H3KOV1,0.8000,0.2000
K80TJW,0.8000,0.2000
1ND4RG,0.8000,0.2000
61XCGN,0.4000,0.6000
IRROY9,0.2000,0.8000
ZG0GP0,0.2000,0.8000
2E8MPK,0.6000,0.4000
BZV2X4,0.4000,0.6000
MP5PZM,0.2000,0.8000
ABMCQH,1.0000,0.0000
TE7CJO,0.0000,1.0000
YTN727,0.4000,0.6000
CT67FB,1.0000,0.0000
S16ZV0,1.0000,0.0000
QNEOFG,0.6000,0.4000
KKSPQB,1.0000,0.0000
9IIIGY,0.4000,0.6000
PD7OG7,0.0000,1.0000
0O953L,0.8000,0.2000
SJAD1W,0.8000,0.2000
UU4W5E,0.0000,1.0000
H3OABO,0.4000,0.6000
8VU2CN,0.6000,0.4000
BR9LFD,1.0000,0.0000
57HCR0,1.0000,0.0000
6LYS7T,0.0000,1.0000
1TPXQD,0.6000,0.4000
Q20MZC,0.2000,0.8000
80X3CL,0.6000,0.4000
TERAHB,0.6000,0.4000
Q5RM6L,1.0000,0.0000
V51XVU,0.8000,0.2000
V4UFOF,0.6000,0.4000
D3PF3T,0.6000,0.4000
C7XGHX,0.6000,0.4000
6OLORL,1.0000,0.0000
FN184V,0.8000,0.2000
ARBVZ7,0.0000,1.0000
KSF4M1,0.8000,0.2000
59XTSZ,0.8000,0.2000
9LZJUF,0.0000,1.0000
SBBE31,0.8000,0.2000
3I41M5,0.8000,0.2000
OESLRB,0.4000,0.6000
CUJMYN,0.0000,1.0000
NRPIL0,0.6000,0.4000
DS1Q39,0.6000,0.4000
BYRCWA,0.0000,1.0000
D55TUM,0.6000,0.4000
ID2QBJ,0.6000,0.4000
V4IUTA,0.4000,0.6000
9XYDC3,0.4000,0.6000
M2320S,0.4000,0.6000
EJU2SO,0.6000,0.4000
OIW8NH,0.0000,1.0000
YZEV9M,0.0000,1.0000
VW3AYY,0.2000,0.8000
FAC2FG,0.6000,0.4000
XYAKOW,0.4000,0.6000
3QL2I9,1.0000,0.0000
L2X947,0.4000,0.6000
EU5QI2,1.0000,0.0000
V0FDZN,0.8000,0.2000
AUVWOL,0.0000,1.0000
4X28KJ,0.6000,0.4000
40VON9,0.2000,0.8000
VKC409,0.4000,0.6000
G21GFS,0.8000,0.2000
6TE02X,1.0000,0.0000
MH8UQ4,0.0000,1.0000
A00GX8,0.0000,1.0000
D76A08,0.2000,0.8000
M71UXD,1.0000,0.0000
SSXI8Y,0.4000,0.6000
3E4XZI,0.2000,0.8000
QWD1A4,0.6000,0.4000
QZ7R7J,1.0000,0.0000
34VUGN,0.2000,0.8000
QS7ZUD,0.0000,1.0000
9BWK7F,0.2000,0.8000
8CZVV2,0.2000,0.8000
8WMX52,0.0000,1.0000
PHEJTI,0.4000,0.6000
UKEFJ3,0.4000,0.6000
AHZHCA,0.4000,0.6000
86XK23,0.2000,0.8000
11UBTX,0.2000,0.8000
USFQ4C,0.0000,1.0000
3IQNT7,0.2000,0.8000
FI560G,0.8000,0.2000
MLF5TW,0.2000,0.8000
VVA412,0.6000,0.4000
6QMN6S,0.4000,0.6000
QTUJRC,1.0000,0.0000
7MK89L,0.4000,0.6000
JCD3WW,1.0000,0.0000
B7MTA2,0.0000,1.0000
D579T0,0.2000,0.8000
QI5YQE,0.8000,0.2000
0AY187,0.6000,0.4000
GI2BU4,0.4000,0.6000
JAGVEL,0.0000,1.0000
I8PVZI,0.4000,0.6000
YQQ4LX,0.8000,0.2000
42ATGG,0.0000,1.0000
5ZGAOK,0.8000,0.2000
2G3P1Z,1.0000,0.0000
DE9MOH,0.6000,0.4000
EELLFY,1.0000,0.0000
P0ZFQ4,0.8000,0.2000
O8QFS8,0.0000,1.0000
P1K7MM,1.0000,0.0000
MJQZ1M,0.2000,0.8000
GLLOEP,0.0000,1.0000
JIN4I6,0.8000,0.2000
2O9KH3,0.0000,1.0000
QNM72H,0.6000,0.4000
PUZIAO,0.8000,0.2000
D9YJTQ,0.6000,0.4000
5ZCHJE,0.6000,0.4000
SAS30N,0.2000,0.8000
O0JG8G,0.2000,0.8000
2GAIAF,1.0000,0.0000
R7MMYE,0.8000,0.2000
VKDNB3,0.8000,0.2000
VLRNK3,0.4000,0.6000
3PG3B5,1.0000,0.0000
SATPZV,1.0000,0.0000
INKV3Q,0.0000,1.0000
L7ZC3Y,0.8000,0.2000
F4HD63,0.8000,0.2000
3DVW5R,0.0000,1.0000
D0AEQA,1.0000,0.0000
0FNZD5,0.4000,0.6000
NXX9LQ,0.4000,0.6000
NW7KHK,1.0000,0.0000
2Z5W3N,0.0000,1.0000
ICU82W,0.2000,0.8000
WAQDYO,0.4000,0.6000
YR19D7,0.8000,0.2000
QC0LC7,0.4000,0.6000
JFHRXD,0.2000,0.8000
MNPG6X,1.0000,0.0000
56VYR7,0.6000,0.4000
FL26X8,0.0000,1.0000
9X22D2,0.6000,0.4000
E8AR8P,0.2000,0.8000
WH8J1N,0.4000,0.6000
UTOUDZ,1.0000,0.0000
ER1MC9,0.0000,1.0000
4LZEU0,1.0000,0.0000
EOUIJZ,1.0000,0.0000
WF5UIL,1.0000,0.0000
3DQA4I,1.0000,0.0000
VMZCV7,0.0000,1.0000
Y1VXXA,0.8000,0.2000
64PCQ1,0.2000,0.8000
7HFVU9,0.0000,1.0000
V51XDB,0.6000,0.4000
PEXVCY,0.6000,0.4000
A96VES,0.0000,1.0000
7NCJST,0.8000,0.2000
RS9NVU,0.4000,0.6000
OMVNA2,0.0000,1.0000
D9ZSGQ,0.2000,0.8000
LP7NYU,0.2000,0.8000
OG5PY7,0.2000,0.8000
DB5B4D,0.2000,0.8000
YMJC67,1.0000,0.0000
MJNIVI,0.6000,0.4000
RQUC1R,0.0000,1.0000
LBV3I3,0.0000,1.0000
GAKW4O,0.6000,0.4000
GQGOEP,0.4000,0.6000
JYKG9T,0.4000,0.6000
ANWNZV,0.0000,1.0000
4C7SG7,0.2000,0.8000
PY5FGV,0.6000,0.4000
TWIJ4L,0.6000,0.4000
NP4WMR,0.8000,0.2000
OM2WFY,0.0000,1.0000
WQ579F,0.0000,1.0000
YFRHL5,1.0000,0.0000
ZGK2MR,0.4000,0.6000
SEP9XK,0.2000,0.8000
OOMDNT,0.8000,0.2000
YHT4S8,0.4000,0.6000
9GLH3M,0.8000,0.2000
6ZM2BI,0.8000,0.2000
HMPV9M,1.0000,0.0000
JO3UI7,0.2000,0.8000
Q0C4Z8,0.8000,0.2000
9KXG70,0.0000,1.0000
LO42FD,0.6000,0.4000
SZMHJB,0.4000,0.6000
U27TUH,0.6000,0.4000
Q5529V,0.6000,0.4000
PVNN65,0.0000,1.0000
MFA0ZN,0.0000,1.0000
RAMEQF,0.8000,0.2000
A7PSMV,0.4000,0.6000
EXQITV,0.2000,0.8000
15B1OY,1.0000,0.0000
E8XZNI,0.0000,1.0000
SU9Q6Z,1.0000,0.0000
LDFXG3,0.8000,0.2000
66SHTX,1.0000,0.0000
G67V3W,0.0000,1.0000
XM2YWW,0.0000,1.0000
GWU5XS,0.2000,0.8000
QWYNNT,1.0000,0.0000
13XJSC,0.4000,0.6000
U634IY,1.0000,0.0000
RFYURC,1.0000,0.0000
3RWM04,0.8000,0.2000
FNAIBO,1.0000,0.0000
YUU4ZO,0.2000,0.8000
LT1QV0,0.4000,0.6000
3QNA7F,0.0000,1.0000
GZPJ1E,1.0000,0.0000
1YK6TK,0.2000,0.8000
SMJAQA,0.0000,1.0000
ZNIMNO,0.6000,0.4000
W8MYWK,1.0000,0.0000
NT0SWR,0.8000,0.2000
VRO7TR,0.2000,0.8000
IV8E3I,0.0000,1.0000
4CS5IJ,0.6000,0.4000
PL9MBT,0.8000,0.2000
5VG70F,0.2000,0.8000
OHMLDW,0.0000,1.0000
LBD21Z,0.4000,0.6000
4NL8SX,0.4000,0.6000
NHP6UB,1.0000,0.0000
041HW8,0.4000,0.6000
5GKD9N,1.0000,0.0000
WDWGCZ,0.8000,0.2000
CIL43L,1.0000,0.0000
BO7RI2,0.8000,0.2000
9QBM86,0.2000,0.8000
0TLG7R,0.8000,0.2000
UVJOQO,0.8000,0.2000
FZEJXU,0.4000,0.6000
SPWXP7,0.0000,1.0000
6I8Y64,1.0000,0.0000
OOBW1S,0.6000,0.4000
AGD3A4,0.6000,0.4000
MUPS37,0.0000,1.0000
EKE50X,0.4000,0.6000
12XBPC,0.8000,0.2000
NJFHZC,0.0000,1.0000
CPNE1Z,0.2000,0.8000
JX9S1E,0.8000,0.2000
RS7FPB,0.8000,0.2000
5K81CP,0.0000,1.0000
ZXO2M2,0.0000,1.0000
BXVJR2,0.8000,0.2000
4MPDTD,0.2000,0.8000
0I65RA,0.8000,0.2000
63WJ87,0.0000,1.0000
AS050E,0.2000,0.8000
JR2ASB,0.0000,1.0000
6852MS,1.0000,0.0000
NSSTB3,1.0000,0.0000
ZLAV58,0.2000,0.8000
8VUXLC,0.4000,0.6000
WBA6C6,0.8000,0.2000
TALZDO,0.0000,1.0000
ZIOOL7,0.2000,0.8000
TB81NX,0.2000,0.8000
YFDCI8,0.4000,0.6000
H57WEA,0.6000,0.4000
OW1Q72,0.0000,1.0000
ZWXZ1P,0.8000,0.2000
17J854,0.8000,0.2000
PBLHT8,1.0000,0.0000
FHYODL,0.4000,0.6000
X6QVXS,0.0000,1.0000
S171G7,0.6000,0.4000
5KGPE3,0.2000,0.8000
0QR2VR,0.8000,0.2000
FJGLKZ,0.8000,0.2000
XUALKN,0.4000,0.6000
86A1AW,0.8000,0.2000
HOOCZZ,1.0000,0.0000
L0RXI9,0.6000,0.4000
2MFPKE,0.6000,0.4000
OLQMQ2,1.0000,0.0000
QFWN71,0.0000,1.0000
NYEMSI,0.2000,0.8000
S7C6HF,0.0000,1.0000
NCHI8B,0.8000,0.2000
4XHYPN,0.8000,0.2000
RWI3TX,0.2000,0.8000
1CR2H8,0.4000,0.6000
BWSHLU,0.6000,0.4000
14YJ8P,1.0000,0.0000
2U68CL,0.6000,0.4000
43K5H6,0.6000,0.4000
UD35FV,0.2000,0.8000
H540DI,0.0000,1.0000
H2ZKLA,1.0000,0.0000
6HTGID,0.2000,0.8000
7GCVH1,0.4000,0.6000
KYQH70,0.8000,0.2000
P99DBC,1.0000,0.0000
FQ77VX,1.0000,0.0000
81KFU3,1.0000,0.0000
D8LA2M,0.2000,0.8000
B4LUM8,0.2000,0.8000
CO1XYK,0.6000,0.4000
AC2C8W,1.0000,0.0000
AV00FV,1.0000,0.0000
8TJSKO,0.2000,0.8000
67QNZN,0.6000,0.4000
HG72QX,0.0000,1.0000
XMVN5D,0.0000,1.0000
3IM1BG,0.8000,0.2000
K1PBOQ,0.0000,1.0000
179C7X,0.2000,0.8000
FR41NW,0.4000,0.6000
LP0UE3,0.6000,0.4000
ZEZMSV,0.0000,1.0000
JRTPV9,0.8000,0.2000
Y1GKYZ,0.2000,0.8000
UQ3OSH,1.0000,0.0000
UFPSFX,0.6000,0.4000
SS4VOL,0.2000,0.8000
SIE0C2,1.0000,0.0000
Z6KLHM,0.4000,0.6000
6VMNYG,1.0000,0.0000
25C9W6,0.2000,0.8000
W57PNM,0.2000,0.8000
ZLSZQ9,0.0000,1.0000
SCCK1H,0.8000,0.2000
E03CO9,0.4000,0.6000
IT0RNY,1.0000,0.0000
78XZ96,0.4000,0.6000
0C96P0,0.2000,0.8000
PEHA1O,0.2000,0.8000
C2TN4C,1.0000,0.0000
AXUDED,0.0000,1.0000
9RXIXR,0.0000,1.0000
ZBIX4D,1.0000,0.0000
SG8FEF,0.0000,1.0000
SQWQD8,1.0000,0.0000
U61N2B,0.2000,0.8000
ODKK6M,0.4000,0.6000
MJKPG8,0.6000,0.4000
WEWLOM,0.6000,0.4000
WN2L0W,1.0000,0.0000
2H44RC,0.6000,0.4000
46LRKH,0.8000,0.2000
D3U1SH,1.0000,0.0000
Y6NFM9,0.8000,0.2000
CKP1YX,0.4000,0.6000
XTVBQ7,0.6000,0.4000
7BCZSO,1.0000,0.0000
9JJA92,1.0000,0.0000
5UYM8E,1.0000,0.0000
MGW3M4,1.0000,0.0000
88YMG8,0.2000,0.8000
02GAR3,0.6000,0.4000
ZGN619,0.2000,0.8000
TH780N,0.6000,0.4000
43B43A,0.4000,0.6000
94AFZ3,0.0000,1.0000
G7FZLF,0.8000,0.2000
7QEEKP,0.6000,0.4000
7LMYKS,0.4000,0.6000
SO69Z1,0.8000,0.2000
QNGHYM,0.6000,0.4000
U4T09J,0.8000,0.2000
Z3G7SI,0.2000,0.8000
WQV64U,1.0000,0.0000
ODRJQM,0.4000,0.6000
JY00CU,0.4000,0.6000
B5387X,0.0000,1.0000
VSNFLN,0.0000,1.0000
1A0UPP,0.6000,0.4000
YRTEC5,0.0000,1.0000
1ANWY5,0.8000,0.2000
RKMIUB,0.0000,1.0000
O5KYAV,0.0000,1.0000
XR1ZXH,0.6000,0.4000
YSVV6V,0.2000,0.8000
2T8VH3,0.6000,0.4000
I4JWRH,0.2000,0.8000
VQTM17,0.6000,0.4000
W9MZA2,0.0000,1.0000
KVVZ5O,0.2000,0.8000
VJO7AZ,0.4000,0.6000
R76T6J,1.0000,0.0000
9VSHAP,0.8000,0.2000
5IGZAU,0.0000,1.0000
DVZ7EV,0.8000,0.2000
UID0Q0,0.6000,0.4000
XESJLR,0.0000,1.0000
GWF2NW,0.2000,0.8000
97EO3E,0.6000,0.4000
AWAG4U,1.0000,0.0000
Q019US,0.6000,0.4000
L59K0L,0.2000,0.8000
LGJPTC,1.0000,0.0000
YMS9NM,0.0000,1.0000
0SY8GV,0.8000,0.2000
D6ECVI,0.6000,0.4000
F9BCR4,0.4000,0.6000
QFTY5O,0.8000,0.2000
KZEO75,0.4000,0.6000
MVQV9Y,0.8000,0.2000
NUNGXV,0.6000,0.4000
EUXTAD,1.0000,0.0000
JFBVLZ,0.2000,0.8000
D6KJFV,0.8000,0.2000
LTDA27,1.0000,0.0000
51ZMRG,0.4000,0.6000
WU3TZS,0.8000,0.2000
KXW4V9,1.0000,0.0000
Y8P002,0.8000,0.2000
1ZV6SC,0.0000,1.0000
EZX2EQ,1.0000,0.0000
1B1HDG,0.4000,0.6000
Y6JK10,0.2000,0.8000
Y6VU8W,0.0000,1.0000
NA4R8K,0.0000,1.0000
XGMGCS,0.8000,0.2000
ASDLMJ,0.2000,0.8000
VGPTQ1,0.0000,1.0000
BSOE0K,0.8000,0.2000
QK5D9W,0.0000,1.0000
AUXLN3,0.2000,0.8000
MQ5ZRK,0.4000,0.6000
QCM953,1.0000,0.0000
HY4HOB,0.6000,0.4000
IB6Q62,0.0000,1.0000
BERM6J,1.0000,0.0000
S391GI,0.6000,0.4000
LV1KM5,0.0000,1.0000
3BFP73,0.2000,0.8000
YI4MO4,0.0000,1.0000
QU38WX,1.0000,0.0000
WANSKP,0.0000,1.0000
56BR9T,0.4000,0.6000
RO7G7E,0.0000,1.0000
P1S3ST,0.6000,0.4000
P33PIC,0.8000,0.2000
0B00E6,1.0000,0.0000
HCG7E7,1.0000,0.0000
F12HDP,0.0000,1.0000
CKZZLT,1.0000,0.0000
Y5M32E,1.0000,0.0000
LLRXTL,1.0000,0.0000
B9JVUZ,0.8000,0.2000
WUWFP7,1.0000,0.0000
W6HNXE,1.0000,0.0000
AACMTH,0.4000,0.6000
WTB7VO,0.4000,0.6000
IXMC6Y,1.0000,0.0000
ZU3KX5,0.8000,0.2000
H81EIS,0.8000,0.2000
JA3WKT,0.6000,0.4000
P6CHL3,0.4000,0.6000
5572FM,1.0000,0.0000
S0DHZ0,0.0000,1.0000
9NGFMD,0.4000,0.6000
CDI0BK,0.8000,0.2000
QB3MED,0.8000,0.2000
99B0O9,1.0000,0.0000
AGTF1Y,0.4000,0.6000
MZ90IT,0.0000,1.0000
070Q7K,0.6000,0.4000
GJCBJK,1.0000,0.0000
MJM6TE,0.8000,0.2000
7R3ICD,0.0000,1.0000
8LE5OU,1.0000,0.0000
8JVEV2,0.2000,0.8000
NIYXXU,0.2000,0.8000
PDSEOY,0.8000,0.2000
EP3HZD,0.4000,0.6000
BEYDGF,0.0000,1.0000
8U5VDQ,1.0000,0.0000
ZR7QPC,1.0000,0.0000
Z0WM0V,0.4000,0.6000
4NXVWB,0.6000,0.4000
XWFIWN,0.4000,0.6000
EZ5QL4,0.4000,0.6000
KS3N7X,0.6000,0.4000
GQF77T,1.0000,0.0000
KHFAY4,0.8000,0.2000
MY0H1A,0.8000,0.2000
K1FFRJ,0.0000,1.0000
AURJR1,1.0000,0.0000
WCH1QW,0.2000,0.8000
UPMQSL,0.6000,0.4000
DGMERT,1.0000,0.0000
AR4TSS,1.0000,0.0000
6NZKTJ,0.4000,0.6000
P6J2AP,0.0000,1.0000
U9S1AH,1.0000,0.0000
A6M3VX,0.6000,0.4000
R07IRK,0.4000,0.6000
GZP4JH,0.8000,0.2000
PCXS7N,0.2000,0.8000
EFKF7F,0.4000,0.6000
2JPUVB,0.4000,0.6000
6RUPMC,0.4000,0.6000
JW0DVU,0.4000,0.6000
ENP54R,1.0000,0.0000
WWODD7,1.0000,0.0000
4KM7AH,1.0000,0.0000
P900NH,0.8000,0.2000
SF0KJ7,0.0000,1.0000
X2J8TH,1.0000,0.0000
IZA5NX,0.6000,0.4000
QWUAR8,0.2000,0.8000
Z15QNY,0.8000,0.2000
YDF0E4,0.0000,1.0000
7GFAX6,0.4000,0.6000
R3D4BJ,0.8000,0.2000
7QJHNH,0.8000,0.2000
DYIFVL,0.6000,0.4000
RDX0FX,0.6000,0.4000
ATWIF4,0.8000,0.2000
7LGM24,0.6000,0.4000
3OFBYP,0.8000,0.2000
SLJCUF,0.2000,0.8000
YK2VMH,0.0000,1.0000
S4N8AL,0.0000,1.0000
KN4MPW,0.6000,0.4000
TYHDZR,0.8000,0.2000
5B6C10,0.4000,0.6000
SQE7NK,0.8000,0.2000
5NRWG0,0.2000,0.8000
H5R44I,1.0000,0.0000
RYSZ20,0.8000,0.2000
XL8QQK,0.4000,0.6000
XTA8F4,0.6000,0.4000
KN5AD5,0.0000,1.0000
9H8BAW,0.2000,0.8000
PC2WG3,0.8000,0.2000
ADPNYI,1.0000,0.0000
95IXO3,0.6000,0.4000
I29LJX,0.8000,0.2000
925ENI,0.6000,0.4000
YJPHX5,0.0000,1.0000
G0DQQP,0.2000,0.8000
77LPYW,0.0000,1.0000
Y1KB2L,0.6000,0.4000
MYGQXK,0.4000,0.6000
ZV3M2S,0.0000,1.0000
NMYUGA,0.4000,0.6000
9ZR4A5,0.0000,1.0000
CYJ9M5,0.8000,0.2000
07NEL6,1.0000,0.0000
2RWG13,0.8000,0.2000
7ZO5PC,1.0000,0.0000
7CA9L4,0.0000,1.0000
YV9V9M,0.0000,1.0000
2JB2W7,0.2000,0.8000
LB0KNG,0.4000,0.6000
3D5YUI,1.0000,0.0000
O227SG,0.8000,0.2000
JB3EKK,0.2000,0.8000
IZLHTN,0.4000,0.6000
NKJ4OT,1.0000,0.0000
V7EOFG,1.0000,0.0000
UKW8W4,0.8000,0.2000
V4AEFE,0.2000,0.8000
CMG3OR,0.0000,1.0000
N63SL4,0.0000,1.0000
XIK9Q9,0.8000,0.2000
ZPLUNR,0.6000,0.4000
JSBJ7L,0.6000,0.4000
W0YZOS,0.4000,0.6000
E3J6TW,0.4000,0.6000
JF0TH7,0.8000,0.2000
DV94OW,0.2000,0.8000
3QT96J,1.0000,0.0000
LDO15Q,0.0000,1.0000
L2Y2Z4,0.2000,0.8000
G8CNGZ,1.0000,0.0000
MDBQB2,1.0000,0.0000
MHU53Y,0.6000,0.4000
OOV3Q0,0.2000,0.8000
J5QOLF,0.4000,0.6000
A80IJP,0.4000,0.6000
K7VNGF,0.8000,0.2000
E0U62F,0.6000,0.4000
N16SS7,1.0000,0.0000
I7TIHS,0.2000,0.8000
APQLOX,0.8000,0.2000
5QHO7G,0.8000,0.2000
W0RGFM,0.0000,1.0000
99G571,0.0000,1.0000
2YACJC,0.0000,1.0000
XGJLRC,1.0000,0.0000
GF62RZ,0.2000,0.8000
Q2O43W,0.0000,1.0000
6Z02AN,0.8000,0.2000
IDO3QJ,0.0000,1.0000
82F99N,1.0000,0.0000
GDTUUY,0.4000,0.6000
12B8KD,0.2000,0.8000
27P3RU,0.4000,0.6000
8DSOCM,0.6000,0.4000
IJC47E,0.8000,0.2000
LO0KI5,0.4000,0.6000
3VG8Y3,0.8000,0.2000
GNYUKT,0.6000,0.4000
2I7AW5,0.4000,0.6000
Q57W0Y,0.0000,1.0000
EM8MEP,0.2000,0.8000
7BL7JI,0.0000,1.0000
9JQQ8Z,0.2000,0.8000
43ZVNZ,0.4000,0.6000
YSPP43,0.6000,0.4000
OR9FGI,0.8000,0.2000
LZP4PZ,0.2000,0.8000
WV3YOM,1.0000,0.0000
ACQMSR,0.2000,0.8000
5MCWWD,0.4000,0.6000
CGNQEF,0.0000,1.0000
Q2RST2,0.2000,0.8000
QXF9SK,0.2000,0.8000
N46AKW,0.8000,0.2000
35PKFA,0.4000,0.6000
GC5VZF,0.4000,0.6000
3B30EX,0.8000,0.2000
PB4DMR,0.8000,0.2000
1QP42H,0.0000,1.0000
QQ87LD,1.0000,0.0000
7JZX2W,0.6000,0.4000
X9M13S,0.4000,0.6000
23SRYN,0.6000,0.4000
LJ5JZT,0.8000,0.2000
2DCABU,0.0000,1.0000
OG6BYY,1.0000,0.0000
6C3RIY,1.0000,0.0000
5873SO,0.4000,0.6000
YO9I30,0.0000,1.0000
D42PHM,0.8000,0.2000
7E82AH,1.0000,0.0000
TT920R,0.0000,1.0000
IUSCUD,1.0000,0.0000
OCFNET,0.6000,0.4000
1DBH86,0.6000,0.4000
4IXX0I,0.8000,0.2000
500TDU,0.0000,1.0000
SWON5I,0.2000,0.8000
DBEA9D,0.6000,0.4000
QZAITN,0.6000,0.4000
PQYT1H,1.0000,0.0000
SUJAFU,1.0000,0.0000
XXK64B,0.8000,0.2000
ACUSQ0,0.4000,0.6000
0XSFQX,0.0000,1.0000
PQK841,0.8000,0.2000
9O80JP,0.0000,1.0000
H7ITVT,0.4000,0.6000
89TI60,0.6000,0.4000
K5CAFY,1.0000,0.0000
6TUKB4,0.6000,0.4000
SPY5RC,0.6000,0.4000
48LNDV,0.8000,0.2000
9OUQNP,0.0000,1.0000
GB7GYK,0.8000,0.2000
XUUNAT,0.0000,1.0000
5BZHU0,0.6000,0.4000
YKRO3L,0.8000,0.2000
ATLRLQ,0.6000,0.4000
CXM8NL,0.2000,0.8000
2XRIWC,1.0000,0.0000
Z2TNJC,1.0000,0.0000
UKWIO9,0.4000,0.6000
W6A029,1.0000,0.0000
6JB4P9,0.0000,1.0000
86UDIT,1.0000,0.0000
2BJIQD,0.6000,0.4000
MXNUKP,0.4000,0.6000
BXND3R,0.0000,1.0000
SOQBCP,0.0000,1.0000
Q77VNP,0.0000,1.0000
J4U0I9,0.0000,1.0000
EM04DE,0.8000,0.2000
XZ4Z3A,0.4000,0.6000
F5EYQF,0.8000,0.2000
EETZ6E,1.0000,0.0000
31YXJM,0.0000,1.0000
SS242P,0.4000,0.6000
7UX9N4,0.2000,0.8000
B81FN6,0.0000,1.0000
R8A8D4,0.2000,0.8000
2D9SKB,0.4000,0.6000
9ETILH,1.0000,0.0000
1LIEQS,0.6000,0.4000
8EAEC0,0.4000,0.6000
DRMSEW,0.0000,1.0000
S2SQR6,0.8000,0.2000
5M6GOH,1.0000,0.0000
GZNIGJ,0.6000,0.4000
ID0JSR,0.4000,0.6000
42NRLH,1.0000,0.0000
RFCFKN,0.4000,0.6000
OK3BXZ,0.4000,0.6000
68T5CX,0.4000,0.6000
B0XPYO,0.6000,0.4000
R2K5J7,0.0000,1.0000
E46NVD,0.4000,0.6000
S3J1G1,0.6000,0.4000
X8JQLI,0.0000,1.0000
5133V1,1.0000,0.0000
PML5WS,0.2000,0.8000
I6MDZH,0.2000,0.8000
HVIBW2,0.4000,0.6000
0OR9N6,0.0000,1.0000
8V57IJ,0.8000,0.2000
ODPPNX,0.2000,0.8000
N1DNMK,0.6000,0.4000
4ZARO6,0.2000,0.8000
SYGANE,0.0000,1.0000
DC7QK1,0.2000,0.8000
HNY0UW,1.0000,0.0000
Q800LN,0.2000,0.8000
2VXO74,0.8000,0.2000
UROHXD,0.0000,1.0000
9GJJPU,0.0000,1.0000
38MYOL,0.8000,0.2000
O3749X,0.2000,0.8000
ANXT1C,0.6000,0.4000
L8GOTJ,1.0000,0.0000
EY0MJE,1.0000,0.0000
HFUKG5,0.4000,0.6000
4ZV6V6,0.4000,0.6000
P1GMH0,0.4000,0.6000
K45SSY,0.4000,0.6000
J1GGS2,0.6000,0.4000
2A0F5X,0.2000,0.8000
L31AQP,0.6000,0.4000
W4AQLM,0.4000,0.6000
SI10GX,0.4000,0.6000
CW8NSC,0.8000,0.2000
F69GO1,0.8000,0.2000
5X7ZTO,1.0000,0.0000
IMA1I6,0.6000,0.4000
IXPQ44,0.8000,0.2000
1VJP8J,0.6000,0.4000
1D5WQZ,0.8000,0.2000
ASP6VU,0.8000,0.2000
LN5Y8H,0.6000,0.4000
5Q7GE6,1.0000,0.0000
52NCAL,0.6000,0.4000
I33VX9,0.2000,0.8000
9XLE4O,1.0000,0.0000
JQNRNZ,1.0000,0.0000
KGMOFW,0.0000,1.0000
FQTCUK,0.8000,0.2000
34QROV,0.8000,0.2000
NFKT9K,1.0000,0.0000
6K5K0O,1.0000,0.0000
MMUN1Y,0.4000,0.6000
EX716N,0.2000,0.8000
78TOAX,0.6000,0.4000
0MJACH,1.0000,0.0000
OHH0R3,0.6000,0.4000
HPAOWS,0.8000,0.2000
FOXY4D,1.0000,0.0000
3MCEHR,0.2000,0.8000
FOPL81,0.8000,0.2000
1LNNX0,0.6000,0.4000
KSEDUG,0.2000,0.8000
D43PS2,0.6000,0.4000
0UKR12,0.0000,1.0000
4SHN7O,0.0000,1.0000
4RXTHX,1.0000,0.0000
ZQC6MS,0.0000,1.0000
9S874T,0.4000,0.6000
ZNE4N6,0.8000,0.2000
9HBWPR,1.0000,0.0000
H3BI2K,0.8000,0.2000
AT26GW,0.6000,0.4000
D3R1A6,0.8000,0.2000
X5FILJ,0.8000,0.2000
E14WQX,1.0000,0.0000
OEU482,1.0000,0.0000
ME2FMJ,0.0000,1.0000
75PE0C,0.0000,1.0000
T8YRVV,0.0000,1.0000
OX1E4K,0.2000,0.8000
VS8C6K,0.8000,0.2000
828CHB,1.0000,0.0000
1GOLYX,0.0000,1.0000
EPWFUG,0.2000,0.8000
NCGYV2,0.0000,1.0000
O5DAWR,0.6000,0.4000
U93ALW,0.0000,1.0000
E0KTXA,0.4000,0.6000
3FPDW0,1.0000,0.0000
5IY8EK,1.0000,0.0000
J22BVZ,0.2000,0.8000
K1J13X,0.6000,0.4000
HY39LP,0.4000,0.6000
YWZI89,0.6000,0.4000
YFOAQ4,0.4000,0.6000
H6KEA6,1.0000,0.0000
NNO5RW,0.4000,0.6000
V4IVE1,0.0000,1.0000
NNUIFD,0.2000,0.8000
FRG2V3,1.0000,0.0000
8MYFC9,1.0000,0.0000
EEGIJS,0.6000,0.4000
LSXQ4I,0.0000,1.0000
O9XXY9,0.8000,0.2000
R79OA9,1.0000,0.0000
L52WZ8,0.6000,0.4000
H1AN7W,1.0000,0.0000
EXBKMZ,0.6000,0.4000
MPXVTV,0.4000,0.6000
WXZL30,1.0000,0.0000
WJQAQC,0.4000,0.6000
NP1I9V,1.0000,0.0000
U78U1E,0.0000,1.0000
U7NZYP,1.0000,0.0000
38D5BJ,0.4000,0.6000
CYCL78,0.6000,0.4000
PKQ6LF,0.6000,0.4000
KLXEVO,0.0000,1.0000
RG8CBB,0.6000,0.4000
9FSWM5,0.0000,1.0000
JUSQ4Z,0.0000,1.0000
DDOMQE,0.0000,1.0000
G142QH,0.2000,0.8000
MKKHFD,0.6000,0.4000
I2BGEK,0.8000,0.2000
L1ODTD,0.6000,0.4000
H3UOAR,0.6000,0.4000
JB3N32,0.8000,0.2000
XAJ6XL,0.8000,0.2000
B6L89K,0.0000,1.0000
NVIK51,0.8000,0.2000
73N8A1,0.8000,0.2000
UK731G,1.0000,0.0000
74QLKI,1.0000,0.0000
W22U4L,0.0000,1.0000
ADZQZP,0.0000,1.0000
PVP9R9,0.4000,0.6000
BBUHYJ,0.8000,0.2000
AWHZCS,0.0000,1.0000
3GOZFY,0.2000,0.8000
3PZ8T7,0.4000,0.6000
Y7WLID,0.8000,0.2000
9NAC1L,0.2000,0.8000
HQMNI1,1.0000,0.0000
HPHYZZ,0.4000,0.6000
XPW2U4,0.6000,0.4000
K3M5T4,0.2000,0.8000
MSZUFB,1.0000,0.0000
U1WD9N,0.0000,1.0000
6OUOHV,0.0000,1.0000
UWSHK6,0.6000,0.4000
3HXDQP,0.8000,0.2000
FRCS3S,0.0000,1.0000
EYMKWV,0.0000,1.0000
7GGOMS,0.8000,0.2000
5AAKWF,0.6000,0.4000
PRQP73,0.0000,1.0000
NJBX7V,0.0000,1.0000
CPJWRI,1.0000,0.0000
AHY4RO,0.4000,0.6000
S52MNS,0.8000,0.2000
HP2CCW,0.8000,0.2000
R198PJ,0.4000,0.6000
DH70PU,0.4000,0.6000
8E5R5Z,0.0000,1.0000
IRHTKQ,0.4000,0.6000
LQ8ILX,0.2000,0.8000
GU1AD5,0.2000,0.8000
UTYX4L,0.0000,1.0000
HZZQ1D,0.0000,1.0000
KE4FN5,0.0000,1.0000
ST2ZI3,0.4000,0.6000
RNN018,0.0000,1.0000
GE3VKI,0.0000,1.0000
3J2T5I,0.4000,0.6000
FPLCGU,1.0000,0.0000
YQU8T1,1.0000,0.0000
O47WIX,0.0000,1.0000
G5Q9OL,0.4000,0.6000
9UO3IC,0.2000,0.8000
BCROW0,0.8000,0.2000
KRN8S6,1.0000,0.0000
8K45U7,0.2000,0.8000
ON3Y5A,0.0000,1.0000
NP4Z1X,0.4000,0.6000
VUS7YI,1.0000,0.0000
JOQG3O,1.0000,0.0000
VQCXVJ,0.8000,0.2000
7YE7DP,1.0000,0.0000
EMO5MX,0.8000,0.2000
YDUC0O,1.0000,0.0000
9EMYXU,0.0000,1.0000
Y1V244,0.8000,0.2000
E4A39O,1.0000,0.0000
7CQYDD,0.2000,0.8000
P5KBRS,0.6000,0.4000
VA0ORP,0.6000,0.4000
KNU7JS,0.2000,0.8000
Z5WFNY,0.6000,0.4000
9EQLAO,0.2000,0.8000
QD378D,0.0000,1.0000
1SO5MF,0.8000,0.2000
92SX8G,1.0000,0.0000
CZI13V,1.0000,0.0000
23D1OX,0.8000,0.2000
IYPTSE,0.8000,0.2000
OWZEEW,0.6000,0.4000
CZ39DD,0.8000,0.2000
3DGFLC,0.0000,1.0000
HH2G9B,0.0000,1.0000
XALD51,0.2000,0.8000
XCLNH6,1.0000,0.0000
KPUIQF,1.0000,0.0000
KFQY30,0.4000,0.6000
LYB0WA,1.0000,0.0000
SU5LGH,0.4000,0.6000
7ZM0TJ,1.0000,0.0000
MMSY90,0.0000,1.0000
EEJHIT,0.4000,0.6000
2ZO8TX,0.8000,0.2000
CW6FAK,0.4000,0.6000
PX6Y3P,0.6000,0.4000
X46DH8,1.0000,0.0000
